"n","setup","sim_model","fit_model","MSE","Bias","Coverage","ISE","ITV","TV_marg"
10,0,"simulate","fit",0.201923939065782,0.449359476439278,0,1.10732124311663,0.698924142108456,0.620363549067622
